<?xml version="1.0" encoding="UTF-8"?>
<launch4jConfig>
  <dontWrapJar>false</dontWrapJar>
  <headerType>gui</headerType>
  <jar>C:\Users\shapirju\Desktop\ridesourcing_gui\Uber-Lyft Data Capture Utility.jar</jar>
  <outfile>C:\Users\shapirju\Desktop\ridesourcing_gui\Uber-Lyft Data Capture Utility.exe</outfile>
  <errTitle></errTitle>
  <cmdLine></cmdLine>
  <chdir>.</chdir>
  <priority>normal</priority>
  <downloadUrl>http://java.com/download</downloadUrl>
  <supportUrl></supportUrl>
  <stayAlive>false</stayAlive>
  <restartOnCrash>false</restartOnCrash>
  <manifest></manifest>
  <icon>C:\Users\shapirju\Desktop\ridesourcing_gui\resources\cu_ico.ico</icon>
  <singleInstance>
    <mutexName>Uber/Lyft Data Capture Utility</mutexName>
    <windowTitle>Uber/Lyft Data Capture Utility</windowTitle>
  </singleInstance>
  <jre>
    <path></path>
    <bundledJre64Bit>false</bundledJre64Bit>
    <bundledJreAsFallback>false</bundledJreAsFallback>
    <minVersion>1.8.0</minVersion>
    <maxVersion></maxVersion>
    <jdkPreference>preferJre</jdkPreference>
    <runtimeBits>64/32</runtimeBits>
  </jre>
  <versionInfo>
    <fileVersion>1.0.0.0</fileVersion>
    <txtFileVersion>1.0.0.0</txtFileVersion>
    <fileDescription>Uber/Lyft data collection utility</fileDescription>
    <copyright>Justin Shapiro</copyright>
    <productVersion>1.0.0.0</productVersion>
    <txtProductVersion>1.0.0.0</txtProductVersion>
    <productName>Uber/Lyft Data Capture Utility</productName>
    <companyName>University of Colorado Denver</companyName>
    <internalName>College of Engineering and Applied Science</internalName>
    <originalFilename>Uber-Lyft Data Capture Utility.exe</originalFilename>
    <trademarks></trademarks>
    <language>ENGLISH_US</language>
  </versionInfo>
  <messages>
    <startupErr>An error occurred while starting the application.</startupErr>
    <bundledJreErr>This application was configured to use a bundled Java Runtime Environment but the runtime is missing or corrupted.</bundledJreErr>
    <jreVersionErr>This application requires a Java Runtime Environment</jreVersionErr>
    <launcherErr>The registry refers to a nonexistent Java Runtime Environment installation or the runtime is corrupted.</launcherErr>
    <instanceAlreadyExistsMsg>An application instance is already running.</instanceAlreadyExistsMsg>
  </messages>
</launch4jConfig>